purchase_month,orders,customers,gmv,avg_order_value,gmv_mom_growth_pct
2017-01-01,787,753,120098.27,152.6,
2017-02-01,1718,1693,244959.35,142.58,104.0
2017-03-01,2617,2577,368341.32,140.75,50.4
2017-04-01,2377,2345,353842.98,148.86,-3.9
2017-05-01,3640,3569,503159.19,138.23,42.2
2017-06-01,3205,3142,429916.61,134.14,-14.6
2017-07-01,3946,3872,492287.3,124.76,14.5
2017-08-01,4272,4191,568245.79,133.02,15.4
2017-09-01,4227,4154,621415.91,147.01,9.4
2017-10-01,4547,4481,660179.62,145.19,6.2
2017-11-01,7421,7313,1003862.14,135.27,52.1
2017-12-01,5618,5551,742183.79,132.11,-26.1
2018-01-01,7187,7088,945456.29,131.55,27.4
2018-02-01,6624,6468,837895.43,126.49,-11.4
2018-03-01,7168,7077,981051.06,136.87,17.1
2018-04-01,6919,6863,993592.98,143.6,1.3
2018-05-01,6833,6775,992871.75,145.31,-0.1
2018-06-01,6145,6106,863265.53,140.48,-13.1
2018-07-01,6233,6172,878044.27,140.87,1.7
2018-08-01,6421,6380,848860.1,132.2,-3.3
