cohort_month,cohort_customers,months_since_first,active_customers,retention_pct
2017-01-01,753,0,753,100.0
2017-01-01,753,1,3,0.4
2017-01-01,753,2,2,0.27
2017-01-01,753,3,1,0.13
2017-01-01,753,4,3,0.4
2017-01-01,753,5,1,0.13
2017-01-01,753,6,3,0.4
2017-01-01,753,7,1,0.13
2017-01-01,753,8,1,0.13
2017-01-01,753,10,3,0.4
2017-01-01,753,11,1,0.13
2017-01-01,753,12,5,0.66
2017-01-01,753,13,3,0.4
2017-01-01,753,14,1,0.13
2017-01-01,753,15,1,0.13
2017-01-01,753,16,2,0.27
2017-01-01,753,17,3,0.4
2017-01-01,753,19,1,0.13
2017-02-01,1690,0,1690,100.0
2017-02-01,1690,1,4,0.24
2017-02-01,1690,2,5,0.3
2017-02-01,1690,3,2,0.12
2017-02-01,1690,4,7,0.41
2017-02-01,1690,5,2,0.12
2017-02-01,1690,6,4,0.24
2017-02-01,1690,7,3,0.18
2017-02-01,1690,8,2,0.12
2017-02-01,1690,9,3,0.18
2017-02-01,1690,10,2,0.12
2017-02-01,1690,11,5,0.3
2017-02-01,1690,12,2,0.12
2017-02-01,1690,13,3,0.18
2017-02-01,1690,14,2,0.12
2017-02-01,1690,15,1,0.06
2017-02-01,1690,16,1,0.06
2017-02-01,1690,17,4,0.24
2017-03-01,2571,0,2571,100.0
2017-03-01,2571,1,13,0.51
2017-03-01,2571,2,9,0.35
2017-03-01,2571,3,10,0.39
2017-03-01,2571,4,9,0.35
2017-03-01,2571,5,4,0.16
2017-03-01,2571,6,4,0.16
2017-03-01,2571,7,8,0.31
2017-03-01,2571,8,9,0.35
2017-03-01,2571,9,2,0.08
2017-03-01,2571,10,10,0.39
2017-03-01,2571,11,3,0.12
2017-03-01,2571,12,6,0.23
2017-03-01,2571,13,3,0.12
2017-03-01,2571,14,4,0.16
2017-03-01,2571,15,6,0.23
2017-03-01,2571,16,2,0.08
2017-03-01,2571,17,4,0.16
2017-04-01,2326,0,2326,100.0
2017-04-01,2326,1,14,0.6
2017-04-01,2326,2,5,0.21
2017-04-01,2326,3,4,0.17
2017-04-01,2326,4,7,0.3
2017-04-01,2326,5,6,0.26
2017-04-01,2326,6,8,0.34
2017-04-01,2326,7,7,0.3
2017-04-01,2326,8,7,0.3
2017-04-01,2326,9,4,0.17
2017-04-01,2326,10,6,0.26
2017-04-01,2326,11,2,0.09
2017-04-01,2326,12,2,0.09
2017-04-01,2326,13,1,0.04
2017-04-01,2326,14,2,0.09
2017-04-01,2326,15,2,0.09
2017-04-01,2326,16,3,0.13
2017-05-01,3541,0,3541,100.0
2017-05-01,3541,1,17,0.48
2017-05-01,3541,2,17,0.48
2017-05-01,3541,3,14,0.4
2017-05-01,3541,4,11,0.31
2017-05-01,3541,5,12,0.34
2017-05-01,3541,6,15,0.42
2017-05-01,3541,7,5,0.14
2017-05-01,3541,8,9,0.25
2017-05-01,3541,9,9,0.25
2017-05-01,3541,10,9,0.25
2017-05-01,3541,11,12,0.34
2017-05-01,3541,12,9,0.25
2017-05-01,3541,13,1,0.03
2017-05-01,3541,14,7,0.2
2017-05-01,3541,15,8,0.23
2017-06-01,3102,0,3102,100.0
2017-06-01,3102,1,14,0.45
2017-06-01,3102,2,11,0.35
2017-06-01,3102,3,12,0.39
2017-06-01,3102,4,8,0.26
2017-06-01,3102,5,12,0.39
2017-06-01,3102,6,11,0.35
2017-06-01,3102,7,7,0.23
2017-06-01,3102,8,4,0.13
2017-06-01,3102,9,7,0.23
2017-06-01,3102,10,10,0.32
2017-06-01,3102,11,10,0.32
2017-06-01,3102,12,5,0.16
2017-06-01,3102,13,4,0.13
2017-06-01,3102,14,6,0.19
2017-07-01,3823,0,3823,100.0
2017-07-01,3823,1,20,0.52
2017-07-01,3823,2,13,0.34
2017-07-01,3823,3,9,0.24
2017-07-01,3823,4,11,0.29
2017-07-01,3823,5,8,0.21
2017-07-01,3823,6,12,0.31
2017-07-01,3823,7,4,0.1
2017-07-01,3823,8,7,0.18
2017-07-01,3823,9,10,0.26
2017-07-01,3823,10,8,0.21
2017-07-01,3823,11,11,0.29
2017-07-01,3823,12,5,0.13
2017-07-01,3823,13,10,0.26
2017-08-01,4130,0,4130,100.0
2017-08-01,4130,1,28,0.68
2017-08-01,4130,2,14,0.34
2017-08-01,4130,3,11,0.27
2017-08-01,4130,4,15,0.36
2017-08-01,4130,5,22,0.53
2017-08-01,4130,6,12,0.29
2017-08-01,4130,7,11,0.27
2017-08-01,4130,8,6,0.15
2017-08-01,4130,9,6,0.15
2017-08-01,4130,10,10,0.24
2017-08-01,4130,11,8,0.19
2017-08-01,4130,12,5,0.12
2017-09-01,4076,0,4076,100.0
2017-09-01,4076,1,28,0.69
2017-09-01,4076,2,22,0.54
2017-09-01,4076,3,12,0.29
2017-09-01,4076,4,18,0.44
2017-09-01,4076,5,9,0.22
2017-09-01,4076,6,9,0.22
2017-09-01,4076,7,10,0.25
2017-09-01,4076,8,12,0.29
2017-09-01,4076,9,8,0.2
2017-09-01,4076,10,11,0.27
2017-09-01,4076,11,3,0.07
2017-10-01,4392,0,4392,100.0
2017-10-01,4392,1,31,0.71
2017-10-01,4392,2,11,0.25
2017-10-01,4392,3,4,0.09
2017-10-01,4392,4,10,0.23
2017-10-01,4392,5,9,0.2
2017-10-01,4392,6,9,0.2
2017-10-01,4392,7,16,0.36
2017-10-01,4392,8,12,0.27
2017-10-01,4392,9,9,0.2
2017-10-01,4392,10,9,0.2
2017-11-01,7189,0,7189,100.0
2017-11-01,7189,1,40,0.56
2017-11-01,7189,2,28,0.39
2017-11-01,7189,3,12,0.17
2017-11-01,7189,4,14,0.19
2017-11-01,7189,5,13,0.18
2017-11-01,7189,6,8,0.11
2017-11-01,7189,7,14,0.19
2017-11-01,7189,8,9,0.13
2017-11-01,7189,9,4,0.06
2017-12-01,5437,0,5437,100.0
2017-12-01,5437,1,12,0.22
2017-12-01,5437,2,15,0.28
2017-12-01,5437,3,19,0.35
2017-12-01,5437,4,14,0.26
2017-12-01,5437,5,11,0.2
2017-12-01,5437,6,9,0.17
2017-12-01,5437,7,1,0.02
2017-12-01,5437,8,12,0.22
2018-01-01,6952,0,6952,100.0
2018-01-01,6952,1,23,0.33
2018-01-01,6952,2,25,0.36
2018-01-01,6952,3,20,0.29
2018-01-01,6952,4,20,0.29
2018-01-01,6952,5,11,0.16
2018-01-01,6952,6,12,0.17
2018-01-01,6952,7,16,0.23
2018-02-01,6356,0,6356,100.0
2018-02-01,6356,1,23,0.36
2018-02-01,6356,2,25,0.39
2018-02-01,6356,3,19,0.3
2018-02-01,6356,4,17,0.27
2018-02-01,6356,5,14,0.22
2018-02-01,6356,6,13,0.2
2018-03-01,6932,0,6932,100.0
2018-03-01,6932,1,28,0.4
2018-03-01,6932,2,21,0.3
2018-03-01,6932,3,20,0.29
2018-03-01,6932,4,9,0.13
2018-03-01,6932,5,8,0.12
2018-04-01,6698,0,6698,100.0
2018-04-01,6698,1,39,0.58
2018-04-01,6698,2,21,0.31
2018-04-01,6698,3,16,0.24
2018-04-01,6698,4,9,0.13
2018-05-01,6588,0,6588,100.0
2018-05-01,6588,1,34,0.52
2018-05-01,6588,2,17,0.26
2018-05-01,6588,3,13,0.2
2018-06-01,5921,0,5921,100.0
2018-06-01,5921,1,25,0.42
2018-06-01,5921,2,16,0.27
2018-07-01,6017,0,6017,100.0
2018-07-01,6017,1,31,0.52
2018-08-01,6209,0,6209,100.0
