category,gmv,orders,gmv_share_pct,cumulative_share_pct,avg_review,late_rate_pct
health_beauty,1251145.54,8757,9.3,9.3,4.14,7.4
watches_gifts,1194824.97,5599,8.88,18.19,4.01,7.1
bed_bath_table,1035485.07,9394,7.7,25.89,3.88,6.9
sports_leisure,977728.77,7656,7.27,33.15,4.11,6.2
computers_accessories,902922.7,6636,6.71,39.87,3.94,6.4
furniture_decor,721584.27,6373,5.37,45.23,3.91,7.0
housewares,625538.73,5838,4.65,49.88,4.06,4.9
cool_stuff,619724.39,3609,4.61,54.49,4.14,5.8
auto,585177.48,3863,4.35,58.84,4.05,6.9
garden_tools,479650.06,3500,3.57,62.41,4.04,6.5
toys,475702.04,3833,3.54,65.95,4.16,6.3
baby,408941.03,2859,3.04,68.99,4.01,7.6
perfumery,391770.21,3120,2.91,71.9,4.17,6.4
telephony,322082.46,4175,2.39,74.29,3.94,6.8
office_furniture,272279.82,1266,2.02,76.32,3.49,7.9
stationery,229593.84,2299,1.71,78.03,4.19,6.7
computers,222963.13,181,1.66,79.68,4.14,4.9
pet_shop,213076.95,1702,1.58,81.27,4.18,4.9
small_appliances,187907.26,622,1.4,82.67,4.16,4.5
musical_instruments,187788.44,620,1.4,84.06,4.17,7.2
unknown,178506.66,1435,1.33,85.39,3.84,7.2
electronics,156971.55,2542,1.17,86.56,4.03,7.5
fashion_bags_accessories,151238.55,1850,1.12,87.68,4.14,5.2
consoles_games,151045.01,1044,1.12,88.8,4.03,5.7
construction_tools_construction,144550.19,746,1.07,89.88,4.05,6.3
luggage_accessories,140111.38,1030,1.04,90.92,4.32,4.1
home_appliances_2,110649.74,231,0.82,91.74,4.16,6.0
home_construction,83010.12,489,0.62,92.36,3.93,5.8
home_appliances,80001.24,762,0.59,92.95,4.16,4.4
agro_industry_and_commerce,72530.47,182,0.54,93.49,4.0,3.3
furniture_living_room,68638.56,420,0.51,94.0,3.89,7.0
home_confort,58572.04,397,0.44,94.44,3.83,9.2
fixed_telephony,57119.33,209,0.42,94.86,3.7,3.9
air_conditioning,53016.07,246,0.39,95.26,3.94,3.9
audio,50511.61,347,0.38,95.63,3.82,11.6
small_appliances_home_oven_and_coffee,47445.71,75,0.35,95.99,4.3,5.3
kitchen_dining_laundry_garden_furniture,45925.37,245,0.34,96.33,3.98,4.3
books_general_interest,45502.79,504,0.34,96.67,4.48,6.1
construction_tools_lights,40002.0,243,0.3,96.96,3.99,7.3
construction_tools_safety,39589.02,165,0.29,97.26,3.86,2.6
industry_commerce_and_business,39310.01,232,0.29,97.55,4.06,6.4
food,29163.61,448,0.22,97.77,4.15,6.9
market_place,26982.28,272,0.2,97.97,3.99,3.7
costruction_tools_garden,25552.18,192,0.19,98.16,4.09,5.6
art,24167.64,201,0.18,98.34,3.93,5.8
fashion_shoes,23322.89,237,0.17,98.51,4.22,4.2
drinks,22378.71,296,0.17,98.68,3.99,4.2
signaling_and_security,21509.23,140,0.16,98.84,4.07,4.0
furniture_bedroom,20028.78,95,0.15,98.99,4.12,6.4
books_technical,18829.06,259,0.14,99.13,4.35,7.9
costruction_tools_tools,15903.95,97,0.12,99.24,4.36,5.8
food_drink,15119.48,225,0.11,99.36,4.32,4.0
fashion_male_clothing,10723.92,110,0.08,99.44,3.66,5.4
fashion_underwear_beach,9541.55,121,0.07,99.51,3.95,9.2
christmas_supplies,8787.83,127,0.07,99.57,3.93,9.9
tablets_printing_image,7528.41,79,0.06,99.63,4.05,6.0
cine_photo,6933.46,65,0.05,99.68,4.19,5.6
music,6034.35,38,0.04,99.73,4.21,5.3
books_imported,4639.85,53,0.03,99.76,4.4,3.3
dvds_blu_ray,4559.49,57,0.03,99.79,4.13,6.5
party_supplies,4485.18,39,0.03,99.83,3.77,0.0
furniture_mattress_and_upholstery,4368.08,38,0.03,99.86,3.82,13.2
portable_kitchen_food_preparers,3933.63,13,0.03,99.89,3.43,7.1
fashio_female_clothing,2748.74,38,0.02,99.91,3.72,6.4
fashion_sport,2119.51,27,0.02,99.93,4.23,3.3
la_cuisine,2054.99,13,0.02,99.94,3.79,0.0
arts_and_craftmanship,1814.01,23,0.01,99.95,4.13,4.2
diapers_and_hygiene,1403.89,25,0.01,99.96,3.27,0.0
pc_gamer,1306.95,7,0.01,99.97,3.63,0.0
flowers,1110.04,29,0.01,99.98,4.21,3.0
home_comfort_2,760.27,24,0.01,99.99,3.37,13.3
cds_dvds_musicals,730.0,12,0.01,99.99,4.64,0.0
fashion_childrens_clothes,569.85,8,0.0,100.0,4.5,0.0
security_and_services,283.29,2,0.0,100.0,2.5,0.0
